Date,Vendor,Spend Category,Spend Amount
11/20/2021,iCore,Cleaning,45000
11/21/2021,JeevanBichar,Health,121000
11/22/2021,LIC-Nabin,Insurance,34000
11/23/2021,ABC,Simply -1,21212
11/24/2021,ABC1,Simply -2,65767
11/25/2021,ABC2,Simply -3,7979
11/26/2021,ABC3,Simply -4,98798
11/27/2021,ABC4,Simply -5,75790
11/29/2021,8768jhgg,khkk,9779
11/30/2021,ABC123,AAA,10000
11/30/2021,123ABC,XXX,21313
11/20/2021,iCore,Cleaning,45000
11/21/2021,JeevanBichar,Health,121000
11/22/2021,LIC-Nabin,Insurance,34000
11/23/2021,ABC,Simply -1,21212
11/24/2021,ABC1,Simply -2,65767
11/25/2021,ABC2,Simply -3,7979
11/26/2021,ABC3,Simply -4,98798
11/27/2021,ABC4,Simply -5,75790
11/29/2021,8768jhgg,khkk,9779
11/30/2021,ABC123,AAA,10000
11/30/2021,123ABC,XXX,21313
11/20/2021,iCore,Cleaning,45000
11/21/2021,JeevanBichar,Health,121000
11/22/2021,LIC-Nabin,Insurance,34000
11/23/2021,ABC,Simply -1,21212
11/24/2021,ABC1,Simply -2,65767
11/25/2021,ABC2,Simply -3,7979
11/26/2021,ABC3,Simply -4,98798
11/27/2021,ABC4,Simply -5,75790
11/29/2021,8768jhgg,khkk,9779
11/30/2021,ABC123,AAA,10000
11/30/2021,123ABC,XXX,21313
11/20/2021,iCore,Cleaning,45000
11/21/2021,JeevanBichar,Health,121000
11/22/2021,LIC-Nabin,Insurance,34000
11/23/2021,ABC,Simply -1,21212
11/24/2021,ABC1,Simply -2,65767
11/25/2021,ABC2,Simply -3,7979
11/26/2021,ABC3,Simply -4,98798
11/27/2021,ABC4,Simply -5,75790
11/29/2021,8768jhgg,khkk,9779
11/30/2021,ABC123,AAA,10000
11/30/2021,123ABC,XXX1,21313
12/1/2021,123ABC,XXX2,21314
12/2/2021,123ABC,XXX3,21315
12/3/2021,123ABC,XXX4,21316
12/4/2021,123ABC,XXX5,21317
12/5/2021,123ABC,XXX6,21318
12/6/2021,123ABC,XXX7,21319
12/7/2021,123ABC,XXX8,21320
12/8/2021,123ABC,XXX9,21321
12/9/2021,123ABC,XXX10,21322
12/10/2021,123ABC,XXX11,21323
12/11/2021,123ABC,XXX12,21324
12/12/2021,123ABC,XXX13,21325
12/13/2021,123ABC,XXX14,21326
12/14/2021,123ABC,XXX15,21327
12/15/2021,123ABC,XXX16,21328
12/16/2021,123ABC,XXX17,21329
12/17/2021,123ABC,XXX18,21330
12/18/2021,123ABC,XXX19,21331
12/19/2021,123ABC,XXX20,21332
12/20/2021,123ABC,XXX21,21333
12/21/2021,123ABC,XXX22,21334
12/22/2021,123ABC,XXX23,21335
12/23/2021,123ABC,XXX24,21336
12/24/2021,123ABC,XXX25,21337
12/25/2021,123ABC,XXX26,21338
12/26/2021,123ABC,XXX27,21339
12/27/2021,123ABC,XXX28,21340
12/28/2021,123ABC,XXX29,21341
12/29/2021,123ABC,XXX30,21342
12/30/2021,123ABC,XXX31,21343
12/31/2021,123ABC,XXX32,21344
1/1/2022,123ABC,XXX33,21345
1/2/2022,123ABC,XXX34,21346
1/3/2022,123ABC,XXX35,21347
1/4/2022,123ABC,XXX36,21348
1/5/2022,123ABC,XXX37,21349
1/6/2022,123ABC,XXX38,21350
1/7/2022,123ABC,XXX39,21351
1/8/2022,123ABC,XXX40,21352
1/9/2022,123ABC,XXX41,21353
1/10/2022,123ABC,XXX42,21354
1/11/2022,123ABC,XXX43,21355
1/12/2022,123ABC,XXX44,21356
1/13/2022,123ABC,XXX45,21357
1/14/2022,123ABC,XXX46,21358
1/15/2022,123ABC,XXX47,21359
1/16/2022,123ABC,XXX48,21360
1/17/2022,123ABC,XXX49,21361
1/18/2022,123ABC,XXX50,21362
1/19/2022,123ABC,XXX51,21363
1/20/2022,123ABC,XXX52,21364
1/21/2022,123ABC,XXX53,21365
1/22/2022,123ABC,XXX54,21366
1/23/2022,123ABC,XXX55,21367
1/24/2022,123ABC,XXX56,21368
1/25/2022,123ABC,XXX57,21369
1/26/2022,123ABC,XXX58,21370
1/27/2022,123ABC,XXX59,21371
1/28/2022,123ABC,XXX60,21372
1/29/2022,123ABC,XXX61,21373
1/30/2022,123ABC,XXX62,21374
1/31/2022,123ABC,XXX63,21375
2/1/2022,123ABC,XXX64,21376
2/2/2022,123ABC,XXX65,21377
2/3/2022,123ABC,XXX66,21378
2/4/2022,123ABC,XXX67,21379
2/5/2022,123ABC,XXX68,21380
2/6/2022,123ABC,XXX69,21381
2/7/2022,123ABC,XXX70,21382
2/8/2022,123ABC,XXX71,21383
2/9/2022,123ABC,XXX72,21384
2/10/2022,123ABC,XXX73,21385
2/11/2022,123ABC,XXX74,21386
2/12/2022,123ABC,XXX75,21387
2/13/2022,123ABC,XXX76,21388
2/14/2022,123ABC,XXX77,21389
2/15/2022,123ABC,XXX78,21390
2/16/2022,123ABC,XXX79,21391
2/17/2022,123ABC,XXX80,21392
2/18/2022,123ABC,XXX81,21393
2/19/2022,123ABC,XXX82,21394
2/20/2022,123ABC,XXX83,21395
2/21/2022,123ABC,XXX84,21396
2/22/2022,123ABC,XXX85,21397
2/23/2022,123ABC,XXX86,21398
2/24/2022,123ABC,XXX87,21399
2/25/2022,123ABC,XXX88,21400
2/26/2022,123ABC,XXX89,21401
2/27/2022,123ABC,XXX90,21402
2/28/2022,123ABC,XXX91,21403
3/1/2022,123ABC,XXX92,21404
3/2/2022,123ABC,XXX93,21405
3/3/2022,123ABC,XXX94,21406
3/4/2022,123ABC,XXX95,21407
3/5/2022,123ABC,XXX96,21408
3/6/2022,123ABC,XXX97,21409
3/7/2022,123ABC,XXX98,21410
3/8/2022,123ABC,XXX99,21411
3/9/2022,123ABC,XXX100,21412
3/10/2022,123ABC,XXX101,21413
3/11/2022,123ABC,XXX102,21414
3/12/2022,123ABC,XXX103,21415
3/13/2022,123ABC,XXX104,21416
3/14/2022,123ABC,XXX105,21417
3/15/2022,123ABC,XXX106,21418
3/16/2022,123ABC,XXX107,21419
3/17/2022,123ABC,XXX108,21420
3/18/2022,123ABC,XXX109,21421
3/19/2022,123ABC,XXX110,21422
3/20/2022,123ABC,XXX111,21423
3/21/2022,123ABC,XXX112,21424
3/22/2022,123ABC,XXX113,21425
3/23/2022,123ABC,XXX114,21426
3/24/2022,123ABC,XXX115,21427
3/25/2022,123ABC,XXX116,21428
3/26/2022,123ABC,XXX117,21429
3/27/2022,123ABC,XXX118,21430
3/28/2022,123ABC,XXX119,21431
3/29/2022,123ABC,XXX120,21432
3/30/2022,123ABC,XXX121,21433
3/31/2022,123ABC,XXX122,21434
4/1/2022,123ABC,XXX123,21435
4/2/2022,123ABC,XXX124,21436
4/3/2022,123ABC,XXX125,21437
4/4/2022,123ABC,XXX126,21438
4/5/2022,123ABC,XXX127,21439
4/6/2022,123ABC,XXX128,21440
4/7/2022,123ABC,XXX129,21441
4/8/2022,123ABC,XXX130,21442
4/9/2022,123ABC,XXX131,21443
4/10/2022,123ABC,XXX132,21444
4/11/2022,123ABC,XXX133,21445
4/12/2022,123ABC,XXX134,21446
4/13/2022,123ABC,XXX135,21447
4/14/2022,123ABC,XXX136,21448
4/15/2022,123ABC,XXX137,21449
4/16/2022,123ABC,XXX138,21450
4/17/2022,123ABC,XXX139,21451
4/18/2022,123ABC,XXX140,21452
4/19/2022,123ABC,XXX141,21453
4/20/2022,123ABC,XXX142,21454
4/21/2022,123ABC,XXX143,21455
4/22/2022,123ABC,XXX144,21456
4/23/2022,123ABC,XXX145,21457
4/24/2022,123ABC,XXX146,21458
4/25/2022,123ABC,XXX147,21459
4/26/2022,123ABC,XXX148,21460
4/27/2022,123ABC,XXX149,21461
4/28/2022,123ABC,XXX150,21462
4/29/2022,123ABC,XXX151,21463
4/30/2022,123ABC,XXX152,21464
5/1/2022,123ABC,XXX153,21465
5/2/2022,123ABC,XXX154,21466
5/3/2022,123ABC,XXX155,21467
5/4/2022,123ABC,XXX156,21468
5/5/2022,123ABC,XXX157,21469
5/6/2022,123ABC,XXX158,21470
5/7/2022,123ABC,XXX159,21471
5/8/2022,123ABC,XXX160,21472
5/9/2022,123ABC,XXX161,21473
5/10/2022,123ABC,XXX162,21474
5/11/2022,123ABC,XXX163,21475
5/12/2022,123ABC,XXX164,21476
5/13/2022,123ABC,XXX165,21477
5/14/2022,123ABC,XXX166,21478
5/15/2022,123ABC,XXX167,21479
5/16/2022,123ABC,XXX168,21480
5/17/2022,123ABC,XXX169,21481
5/18/2022,123ABC,XXX170,21482
5/19/2022,123ABC,XXX171,21483
5/20/2022,123ABC,XXX172,21484
5/21/2022,123ABC,XXX173,21485
5/22/2022,123ABC,XXX174,21486
5/23/2022,123ABC,XXX175,21487
5/24/2022,123ABC,XXX176,21488
5/25/2022,123ABC,XXX177,21489
5/26/2022,123ABC,XXX178,21490
5/27/2022,123ABC,XXX179,21491
5/28/2022,123ABC,XXX180,21492
5/29/2022,123ABC,XXX181,21493
5/30/2022,123ABC,XXX182,21494
5/31/2022,123ABC,XXX183,21495
6/1/2022,123ABC,XXX184,21496
6/2/2022,123ABC,XXX185,21497
6/3/2022,123ABC,XXX186,21498
6/4/2022,123ABC,XXX187,21499
6/5/2022,123ABC,XXX188,21500
6/6/2022,123ABC,XXX189,21501
6/7/2022,123ABC,XXX190,21502
6/8/2022,123ABC,XXX191,21503
6/9/2022,123ABC,XXX192,21504
6/10/2022,123ABC,XXX193,21505
6/11/2022,123ABC,XXX194,21506
6/12/2022,123ABC,XXX195,21507
6/13/2022,123ABC,XXX196,21508
6/14/2022,123ABC,XXX197,21509
6/15/2022,123ABC,XXX198,21510
6/16/2022,123ABC,XXX199,21511
6/17/2022,123ABC,XXX200,21512
6/18/2022,123ABC,XXX201,21513
6/19/2022,123ABC,XXX202,21514
6/20/2022,123ABC,XXX203,21515
6/21/2022,123ABC,XXX204,21516
6/22/2022,123ABC,XXX205,21517
6/23/2022,123ABC,XXX206,21518
6/24/2022,123ABC,XXX207,21519
6/25/2022,123ABC,XXX208,21520
6/26/2022,123ABC,XXX209,21521
6/27/2022,123ABC,XXX210,21522
6/28/2022,123ABC,XXX211,21523
6/29/2022,123ABC,XXX212,21524
6/30/2022,123ABC,XXX213,21525
7/1/2022,123ABC,XXX214,21526
7/2/2022,123ABC,XXX215,21527
7/3/2022,123ABC,XXX216,21528
7/4/2022,123ABC,XXX217,21529
7/5/2022,123ABC,XXX218,21530
7/6/2022,123ABC,XXX219,21531
7/7/2022,123ABC,XXX220,21532
7/8/2022,123ABC,XXX221,21533
7/9/2022,123ABC,XXX222,21534
7/10/2022,123ABC,XXX223,21535
7/11/2022,123ABC,XXX224,21536
7/12/2022,123ABC,XXX225,21537
7/13/2022,123ABC,XXX226,21538
7/14/2022,123ABC,XXX227,21539
7/15/2022,123ABC,XXX228,21540
7/16/2022,123ABC,XXX229,21541
7/17/2022,123ABC,XXX230,21542
7/18/2022,123ABC,XXX231,21543
7/19/2022,123ABC,XXX232,21544
7/20/2022,123ABC,XXX233,21545
7/21/2022,123ABC,XXX234,21546
7/22/2022,123ABC,XXX235,21547
7/23/2022,123ABC,XXX236,21548
7/24/2022,123ABC,XXX237,21549
7/25/2022,123ABC,XXX238,21550
7/26/2022,123ABC,XXX239,21551
7/27/2022,123ABC,XXX240,21552
7/28/2022,123ABC,XXX241,21553
7/29/2022,123ABC,XXX242,21554
7/30/2022,123ABC,XXX243,21555
7/31/2022,123ABC,XXX244,21556
8/1/2022,123ABC,XXX245,21557
8/2/2022,123ABC,XXX246,21558
8/3/2022,123ABC,XXX247,21559
8/4/2022,123ABC,XXX248,21560
8/5/2022,123ABC,XXX249,21561
8/6/2022,123ABC,XXX250,21562
8/7/2022,123ABC,XXX251,21563
8/8/2022,123ABC,XXX252,21564
8/9/2022,123ABC,XXX253,21565
8/10/2022,123ABC,XXX254,21566
8/11/2022,123ABC,XXX255,21567
8/12/2022,123ABC,XXX256,21568
8/13/2022,123ABC,XXX257,21569
8/14/2022,123ABC,XXX258,21570
8/15/2022,123ABC,XXX259,21571
8/16/2022,123ABC,XXX260,21572
8/17/2022,123ABC,XXX261,21573
8/18/2022,123ABC,XXX262,21574
8/19/2022,123ABC,XXX263,21575
8/20/2022,123ABC,XXX264,21576
8/21/2022,123ABC,XXX265,21577
8/22/2022,123ABC,XXX266,21578
8/23/2022,123ABC,XXX267,21579
8/24/2022,123ABC,XXX268,21580
8/25/2022,123ABC,XXX269,21581
8/26/2022,123ABC,XXX270,21582
8/27/2022,123ABC,XXX271,21583
8/28/2022,123ABC,XXX272,21584
8/29/2022,123ABC,XXX273,21585
8/30/2022,123ABC,XXX274,21586
8/31/2022,123ABC,XXX275,21587
9/1/2022,123ABC,XXX276,21588
9/2/2022,123ABC,XXX277,21589
9/3/2022,123ABC,XXX278,21590
9/4/2022,123ABC,XXX279,21591
9/5/2022,123ABC,XXX280,21592
9/6/2022,123ABC,XXX281,21593
9/7/2022,123ABC,XXX282,21594
9/8/2022,123ABC,XXX283,21595
9/9/2022,123ABC,XXX284,21596
9/10/2022,123ABC,XXX285,21597
9/11/2022,123ABC,XXX286,21598
9/12/2022,123ABC,XXX287,21599
9/13/2022,123ABC,XXX288,21600
9/14/2022,123ABC,XXX289,21601
9/15/2022,123ABC,XXX290,21602
9/16/2022,123ABC,XXX291,21603
9/17/2022,123ABC,XXX292,21604
9/18/2022,123ABC,XXX293,21605
11/30/2021,123ABC,XXX294,21606
12/1/2021,123ABC,XXX295,21607
12/2/2021,123ABC,XXX296,21608
12/3/2021,123ABC,XXX297,21609
12/4/2021,123ABC,XXX298,21610
12/5/2021,123ABC,XXX299,21611
12/6/2021,123ABC,XXX300,21612
12/7/2021,123ABC,XXX301,21613
12/8/2021,123ABC,XXX302,21614
12/9/2021,123ABC,XXX303,21615
12/10/2021,123ABC,XXX304,21616
12/11/2021,123ABC,XXX305,21617
12/12/2021,123ABC,XXX306,21618
12/13/2021,123ABC,XXX307,21619
12/14/2021,123ABC,XXX308,21620
12/15/2021,123ABC,XXX309,21621
12/16/2021,123ABC,XXX310,21622
12/17/2021,123ABC,XXX311,21623
12/18/2021,123ABC,XXX312,21624
12/19/2021,123ABC,XXX313,21625
12/20/2021,123ABC,XXX314,21626
12/21/2021,123ABC,XXX315,21627
12/22/2021,123ABC,XXX316,21628
12/23/2021,123ABC,XXX317,21629
12/24/2021,123ABC,XXX318,21630
12/25/2021,123ABC,XXX319,21631
12/26/2021,123ABC,XXX320,21632
12/27/2021,123ABC,XXX321,21633
12/28/2021,123ABC,XXX322,21634
12/29/2021,123ABC,XXX323,21635
12/30/2021,123ABC,XXX324,21636
12/31/2021,123ABC,XXX325,21637
1/1/2022,123ABC,XXX326,21638
1/2/2022,123ABC,XXX327,21639
1/3/2022,123ABC,XXX328,21640
1/4/2022,123ABC,XXX329,21641
1/5/2022,123ABC,XXX330,21642
1/6/2022,123ABC,XXX331,21643
1/7/2022,123ABC,XXX332,21644
1/8/2022,123ABC,XXX333,21645
1/9/2022,123ABC,XXX334,21646
1/10/2022,123ABC,XXX335,21647
1/11/2022,123ABC,XXX336,21648
1/12/2022,123ABC,XXX337,21649
1/13/2022,123ABC,XXX338,21650
1/14/2022,123ABC,XXX339,21651
1/15/2022,123ABC,XXX340,21652
1/16/2022,123ABC,XXX341,21653
1/17/2022,123ABC,XXX342,21654
1/18/2022,123ABC,XXX343,21655
1/19/2022,123ABC,XXX344,21656
1/20/2022,123ABC,XXX345,21657
1/21/2022,123ABC,XXX346,21658
1/22/2022,123ABC,XXX347,21659
1/23/2022,123ABC,XXX348,21660
1/24/2022,123ABC,XXX349,21661
1/25/2022,123ABC,XXX350,21662
1/26/2022,123ABC,XXX351,21663
1/27/2022,123ABC,XXX352,21664
1/28/2022,123ABC,XXX353,21665
1/29/2022,123ABC,XXX354,21666
1/30/2022,123ABC,XXX355,21667
1/31/2022,123ABC,XXX356,21668
2/1/2022,123ABC,XXX357,21669
2/2/2022,123ABC,XXX358,21670
2/3/2022,123ABC,XXX359,21671
2/4/2022,123ABC,XXX360,21672
2/5/2022,123ABC,XXX361,21673
2/6/2022,123ABC,XXX362,21674
2/7/2022,123ABC,XXX363,21675
2/8/2022,123ABC,XXX364,21676
2/9/2022,123ABC,XXX365,21677
2/10/2022,123ABC,XXX366,21678
2/11/2022,123ABC,XXX367,21679
2/12/2022,123ABC,XXX368,21680
2/13/2022,123ABC,XXX369,21681
2/14/2022,123ABC,XXX370,21682
2/15/2022,123ABC,XXX371,21683
2/16/2022,123ABC,XXX372,21684
2/17/2022,123ABC,XXX373,21685
2/18/2022,123ABC,XXX374,21686
2/19/2022,123ABC,XXX375,21687
2/20/2022,123ABC,XXX376,21688
2/21/2022,123ABC,XXX377,21689
2/22/2022,123ABC,XXX378,21690
2/23/2022,123ABC,XXX379,21691
2/24/2022,123ABC,XXX380,21692
2/25/2022,123ABC,XXX381,21693
2/26/2022,123ABC,XXX382,21694
2/27/2022,123ABC,XXX383,21695
2/28/2022,123ABC,XXX384,21696
3/1/2022,123ABC,XXX385,21697
3/2/2022,123ABC,XXX386,21698
3/3/2022,123ABC,XXX387,21699
3/4/2022,123ABC,XXX388,21700
3/5/2022,123ABC,XXX389,21701
3/6/2022,123ABC,XXX390,21702
3/7/2022,123ABC,XXX391,21703
3/8/2022,123ABC,XXX392,21704
3/9/2022,123ABC,XXX393,21705
3/10/2022,123ABC,XXX394,21706
3/11/2022,123ABC,XXX395,21707
3/12/2022,123ABC,XXX396,21708
3/13/2022,123ABC,XXX397,21709
3/14/2022,123ABC,XXX398,21710
3/15/2022,123ABC,XXX399,21711
3/16/2022,123ABC,XXX400,21712
3/17/2022,123ABC,XXX401,21713
3/18/2022,123ABC,XXX402,21714
3/19/2022,123ABC,XXX403,21715
3/20/2022,123ABC,XXX404,21716
3/21/2022,123ABC,XXX405,21717
3/22/2022,123ABC,XXX406,21718
3/23/2022,123ABC,XXX407,21719
3/24/2022,123ABC,XXX408,21720
3/25/2022,123ABC,XXX409,21721
3/26/2022,123ABC,XXX410,21722
3/27/2022,123ABC,XXX411,21723
3/28/2022,123ABC,XXX412,21724
3/29/2022,123ABC,XXX413,21725
3/30/2022,123ABC,XXX414,21726
3/31/2022,123ABC,XXX415,21727
4/1/2022,123ABC,XXX416,21728
4/2/2022,123ABC,XXX417,21729
4/3/2022,123ABC,XXX418,21730
4/4/2022,123ABC,XXX419,21731
4/5/2022,123ABC,XXX420,21732
4/6/2022,123ABC,XXX421,21733
4/7/2022,123ABC,XXX422,21734
4/8/2022,123ABC,XXX423,21735
4/9/2022,123ABC,XXX424,21736
4/10/2022,123ABC,XXX425,21737
4/11/2022,123ABC,XXX426,21738
4/12/2022,123ABC,XXX427,21739
4/13/2022,123ABC,XXX428,21740
4/14/2022,123ABC,XXX429,21741
4/15/2022,123ABC,XXX430,21742
4/16/2022,123ABC,XXX431,21743
4/17/2022,123ABC,XXX432,21744
4/18/2022,123ABC,XXX433,21745
4/19/2022,123ABC,XXX434,21746
4/20/2022,123ABC,XXX435,21747
4/21/2022,123ABC,XXX436,21748
4/22/2022,123ABC,XXX437,21749
4/23/2022,123ABC,XXX438,21750
4/24/2022,123ABC,XXX439,21751
4/25/2022,123ABC,XXX440,21752
4/26/2022,123ABC,XXX441,21753
4/27/2022,123ABC,XXX442,21754
4/28/2022,123ABC,XXX443,21755
4/29/2022,123ABC,XXX444,21756
4/30/2022,123ABC,XXX445,21757
5/1/2022,123ABC,XXX446,21758
5/2/2022,123ABC,XXX447,21759
5/3/2022,123ABC,XXX448,21760
5/4/2022,123ABC,XXX449,21761
5/5/2022,123ABC,XXX450,21762
5/6/2022,123ABC,XXX451,21763
5/7/2022,123ABC,XXX452,21764
5/8/2022,123ABC,XXX453,21765
5/9/2022,123ABC,XXX454,21766
5/10/2022,123ABC,XXX455,21767
5/11/2022,123ABC,XXX456,21768
5/12/2022,123ABC,XXX457,21769
5/13/2022,123ABC,XXX458,21770
5/14/2022,123ABC,XXX459,21771
5/15/2022,123ABC,XXX460,21772
5/16/2022,123ABC,XXX461,21773
5/17/2022,123ABC,XXX462,21774
5/18/2022,123ABC,XXX463,21775
5/19/2022,123ABC,XXX464,21776
5/20/2022,123ABC,XXX465,21777
5/21/2022,123ABC,XXX466,21778
5/22/2022,123ABC,XXX467,21779
5/23/2022,123ABC,XXX468,21780
5/24/2022,123ABC,XXX469,21781
5/25/2022,123ABC,XXX470,21782
5/26/2022,123ABC,XXX471,21783
5/27/2022,123ABC,XXX472,21784
5/28/2022,123ABC,XXX473,21785
5/29/2022,123ABC,XXX474,21786
5/30/2022,123ABC,XXX475,21787
5/31/2022,123ABC,XXX476,21788
6/1/2022,123ABC,XXX477,21789
6/2/2022,123ABC,XXX478,21790
6/3/2022,123ABC,XXX479,21791
6/4/2022,123ABC,XXX480,21792
6/5/2022,123ABC,XXX481,21793
6/6/2022,123ABC,XXX482,21794
6/7/2022,123ABC,XXX483,21795
6/8/2022,123ABC,XXX484,21796
6/9/2022,123ABC,XXX485,21797
6/10/2022,123ABC,XXX486,21798
6/11/2022,123ABC,XXX487,21799
6/12/2022,123ABC,XXX488,21800
6/13/2022,123ABC,XXX489,21801
6/14/2022,123ABC,XXX490,21802
6/15/2022,123ABC,XXX491,21803
6/16/2022,123ABC,XXX492,21804
6/17/2022,123ABC,XXX493,21805
6/18/2022,123ABC,XXX494,21806
6/19/2022,123ABC,XXX495,21807
6/20/2022,123ABC,XXX496,21808
6/21/2022,123ABC,XXX497,21809
6/22/2022,123ABC,XXX498,21810
6/23/2022,123ABC,XXX499,21811
6/24/2022,123ABC,XXX500,21812
6/25/2022,123ABC,XXX501,21813
6/26/2022,123ABC,XXX502,21814
6/27/2022,123ABC,XXX503,21815
6/28/2022,123ABC,XXX504,21816
6/29/2022,123ABC,XXX505,21817
6/30/2022,123ABC,XXX506,21818
7/1/2022,123ABC,XXX507,21819
7/2/2022,123ABC,XXX508,21820
7/3/2022,123ABC,XXX509,21821
7/4/2022,123ABC,XXX510,21822
7/5/2022,123ABC,XXX511,21823
7/6/2022,123ABC,XXX512,21824
7/7/2022,123ABC,XXX513,21825
7/8/2022,123ABC,XXX514,21826
7/9/2022,123ABC,XXX515,21827
7/10/2022,123ABC,XXX516,21828
7/11/2022,123ABC,XXX517,21829
7/12/2022,123ABC,XXX518,21830
7/13/2022,123ABC,XXX519,21831
7/14/2022,123ABC,XXX520,21832
7/15/2022,123ABC,XXX521,21833
7/16/2022,123ABC,XXX522,21834
7/17/2022,123ABC,XXX523,21835
7/18/2022,123ABC,XXX524,21836
7/19/2022,123ABC,XXX525,21837
7/20/2022,123ABC,XXX526,21838
7/21/2022,123ABC,XXX527,21839
7/22/2022,123ABC,XXX528,21840
7/23/2022,123ABC,XXX529,21841
7/24/2022,123ABC,XXX530,21842
7/25/2022,123ABC,XXX531,21843
7/26/2022,123ABC,XXX532,21844
7/27/2022,123ABC,XXX533,21845
7/28/2022,123ABC,XXX534,21846
7/29/2022,123ABC,XXX535,21847
7/30/2022,123ABC,XXX536,21848
7/31/2022,123ABC,XXX537,21849
8/1/2022,123ABC,XXX538,21850
8/2/2022,123ABC,XXX539,21851
8/3/2022,123ABC,XXX540,21852
8/4/2022,123ABC,XXX541,21853
8/5/2022,123ABC,XXX542,21854
8/6/2022,123ABC,XXX543,21855
8/7/2022,123ABC,XXX544,21856
8/8/2022,123ABC,XXX545,21857
8/9/2022,123ABC,XXX546,21858
8/10/2022,123ABC,XXX547,21859
8/11/2022,123ABC,XXX548,21860
8/12/2022,123ABC,XXX549,21861
8/13/2022,123ABC,XXX550,21862
8/14/2022,123ABC,XXX551,21863
8/15/2022,123ABC,XXX552,21864
8/16/2022,123ABC,XXX553,21865
8/17/2022,123ABC,XXX554,21866
8/18/2022,123ABC,XXX555,21867
8/19/2022,123ABC,XXX556,21868
8/20/2022,123ABC,XXX557,21869
8/21/2022,123ABC,XXX558,21870
8/22/2022,123ABC,XXX559,21871
8/23/2022,123ABC,XXX560,21872
8/24/2022,123ABC,XXX561,21873
8/25/2022,123ABC,XXX562,21874
8/26/2022,123ABC,XXX563,21875
8/27/2022,123ABC,XXX564,21876
8/28/2022,123ABC,XXX565,21877
8/29/2022,123ABC,XXX566,21878
8/30/2022,123ABC,XXX567,21879
8/31/2022,123ABC,XXX568,21880
9/1/2022,123ABC,XXX569,21881
9/2/2022,123ABC,XXX570,21882
9/3/2022,123ABC,XXX571,21883
9/4/2022,123ABC,XXX572,21884
9/5/2022,123ABC,XXX573,21885
9/6/2022,123ABC,XXX574,21886
9/7/2022,123ABC,XXX575,21887
9/8/2022,123ABC,XXX576,21888
9/9/2022,123ABC,XXX577,21889
9/10/2022,123ABC,XXX578,21890
9/11/2022,123ABC,XXX579,21891
9/12/2022,123ABC,XXX580,21892
9/13/2022,123ABC,XXX581,21893
9/14/2022,123ABC,XXX582,21894
9/15/2022,123ABC,XXX583,21895
9/16/2022,123ABC,XXX584,21896
9/17/2022,123ABC,XXX585,21897
9/18/2022,123ABC,XXX586,21898
11/30/2021,123ABC,XXX587,21899
12/1/2021,123ABC,XXX588,21900
12/2/2021,123ABC,XXX589,21901
12/3/2021,123ABC,XXX590,21902
12/4/2021,123ABC,XXX591,21903
12/5/2021,123ABC,XXX592,21904
12/6/2021,123ABC,XXX593,21905
12/7/2021,123ABC,XXX594,21906
12/8/2021,123ABC,XXX595,21907
12/9/2021,123ABC,XXX596,21908
12/10/2021,123ABC,XXX597,21909
12/11/2021,123ABC,XXX598,21910
12/12/2021,123ABC,XXX599,21911
12/13/2021,123ABC,XXX600,21912
12/14/2021,123ABC,XXX601,21913
12/15/2021,123ABC,XXX602,21914
12/16/2021,123ABC,XXX603,21915
12/17/2021,123ABC,XXX604,21916
12/18/2021,123ABC,XXX605,21917
12/19/2021,123ABC,XXX606,21918
12/20/2021,123ABC,XXX607,21919
12/21/2021,123ABC,XXX608,21920
12/22/2021,123ABC,XXX609,21921
12/23/2021,123ABC,XXX610,21922
12/24/2021,123ABC,XXX611,21923
12/25/2021,123ABC,XXX612,21924
12/26/2021,123ABC,XXX613,21925
12/27/2021,123ABC,XXX614,21926
12/28/2021,123ABC,XXX615,21927
12/29/2021,123ABC,XXX616,21928
12/30/2021,123ABC,XXX617,21929
12/31/2021,123ABC,XXX618,21930
1/1/2022,123ABC,XXX619,21931
1/2/2022,123ABC,XXX620,21932
1/3/2022,123ABC,XXX621,21933
1/4/2022,123ABC,XXX622,21934
1/5/2022,123ABC,XXX623,21935
1/6/2022,123ABC,XXX624,21936
1/7/2022,123ABC,XXX625,21937
1/8/2022,123ABC,XXX626,21938
1/9/2022,123ABC,XXX627,21939
1/10/2022,123ABC,XXX628,21940
1/11/2022,123ABC,XXX629,21941
1/12/2022,123ABC,XXX630,21942
1/13/2022,123ABC,XXX631,21943
1/14/2022,123ABC,XXX632,21944
1/15/2022,123ABC,XXX633,21945
1/16/2022,123ABC,XXX634,21946
1/17/2022,123ABC,XXX635,21947
1/18/2022,123ABC,XXX636,21948
1/19/2022,123ABC,XXX637,21949
1/20/2022,123ABC,XXX638,21950
1/21/2022,123ABC,XXX639,21951
1/22/2022,123ABC,XXX640,21952
1/23/2022,123ABC,XXX641,21953
1/24/2022,123ABC,XXX642,21954
1/25/2022,123ABC,XXX643,21955
1/26/2022,123ABC,XXX644,21956
1/27/2022,123ABC,XXX645,21957
1/28/2022,123ABC,XXX646,21958
1/29/2022,123ABC,XXX647,21959
1/30/2022,123ABC,XXX648,21960
1/31/2022,123ABC,XXX649,21961
2/1/2022,123ABC,XXX650,21962
2/2/2022,123ABC,XXX651,21963
2/3/2022,123ABC,XXX652,21964
2/4/2022,123ABC,XXX653,21965
2/5/2022,123ABC,XXX654,21966
2/6/2022,123ABC,XXX655,21967
2/7/2022,123ABC,XXX656,21968
2/8/2022,123ABC,XXX657,21969
2/9/2022,123ABC,XXX658,21970
2/10/2022,123ABC,XXX659,21971
2/11/2022,123ABC,XXX660,21972
2/12/2022,123ABC,XXX661,21973
2/13/2022,123ABC,XXX662,21974
2/14/2022,123ABC,XXX663,21975
2/15/2022,123ABC,XXX664,21976
2/16/2022,123ABC,XXX665,21977
2/17/2022,123ABC,XXX666,21978
2/18/2022,123ABC,XXX667,21979
2/19/2022,123ABC,XXX668,21980
2/20/2022,123ABC,XXX669,21981
2/21/2022,123ABC,XXX670,21982
2/22/2022,123ABC,XXX671,21983
2/23/2022,123ABC,XXX672,21984
2/24/2022,123ABC,XXX673,21985
2/25/2022,123ABC,XXX674,21986
2/26/2022,123ABC,XXX675,21987
2/27/2022,123ABC,XXX676,21988
2/28/2022,123ABC,XXX677,21989
3/1/2022,123ABC,XXX678,21990
3/2/2022,123ABC,XXX679,21991
3/3/2022,123ABC,XXX680,21992
3/4/2022,123ABC,XXX681,21993
3/5/2022,123ABC,XXX682,21994
3/6/2022,123ABC,XXX683,21995
3/7/2022,123ABC,XXX684,21996
3/8/2022,123ABC,XXX685,21997
3/9/2022,123ABC,XXX686,21998
3/10/2022,123ABC,XXX687,21999
3/11/2022,123ABC,XXX688,22000
3/12/2022,123ABC,XXX689,22001
3/13/2022,123ABC,XXX690,22002
3/14/2022,123ABC,XXX691,22003
3/15/2022,123ABC,XXX692,22004
3/16/2022,123ABC,XXX693,22005
3/17/2022,123ABC,XXX694,22006
3/18/2022,123ABC,XXX695,22007
3/19/2022,123ABC,XXX696,22008
3/20/2022,123ABC,XXX697,22009
3/21/2022,123ABC,XXX698,22010
3/22/2022,123ABC,XXX699,22011
3/23/2022,123ABC,XXX700,22012
3/24/2022,123ABC,XXX701,22013
3/25/2022,123ABC,XXX702,22014
3/26/2022,123ABC,XXX703,22015
3/27/2022,123ABC,XXX704,22016
3/28/2022,123ABC,XXX705,22017
3/29/2022,123ABC,XXX706,22018
3/30/2022,123ABC,XXX707,22019
3/31/2022,123ABC,XXX708,22020
4/1/2022,123ABC,XXX709,22021
4/2/2022,123ABC,XXX710,22022
4/3/2022,123ABC,XXX711,22023
4/4/2022,123ABC,XXX712,22024
4/5/2022,123ABC,XXX713,22025
4/6/2022,123ABC,XXX714,22026
4/7/2022,123ABC,XXX715,22027
4/8/2022,123ABC,XXX716,22028
4/9/2022,123ABC,XXX717,22029
4/10/2022,123ABC,XXX718,22030
4/11/2022,123ABC,XXX719,22031
4/12/2022,123ABC,XXX720,22032
4/13/2022,123ABC,XXX721,22033
4/14/2022,123ABC,XXX722,22034
4/15/2022,123ABC,XXX723,22035
4/16/2022,123ABC,XXX724,22036
4/17/2022,123ABC,XXX725,22037
4/18/2022,123ABC,XXX726,22038
4/19/2022,123ABC,XXX727,22039
4/20/2022,123ABC,XXX728,22040
4/21/2022,123ABC,XXX729,22041
4/22/2022,123ABC,XXX730,22042
4/23/2022,123ABC,XXX731,22043
4/24/2022,123ABC,XXX732,22044
4/25/2022,123ABC,XXX733,22045
4/26/2022,123ABC,XXX734,22046
4/27/2022,123ABC,XXX735,22047
4/28/2022,123ABC,XXX736,22048
4/29/2022,123ABC,XXX737,22049
4/30/2022,123ABC,XXX738,22050
5/1/2022,123ABC,XXX739,22051
5/2/2022,123ABC,XXX740,22052
5/3/2022,123ABC,XXX741,22053
5/4/2022,123ABC,XXX742,22054
5/5/2022,123ABC,XXX743,22055
5/6/2022,123ABC,XXX744,22056
5/7/2022,123ABC,XXX745,22057
5/8/2022,123ABC,XXX746,22058
5/9/2022,123ABC,XXX747,22059
5/10/2022,123ABC,XXX748,22060
5/11/2022,123ABC,XXX749,22061
5/12/2022,123ABC,XXX750,22062
5/13/2022,123ABC,XXX751,22063
5/14/2022,123ABC,XXX752,22064
5/15/2022,123ABC,XXX753,22065
5/16/2022,123ABC,XXX754,22066
5/17/2022,123ABC,XXX755,22067
5/18/2022,123ABC,XXX756,22068
5/19/2022,123ABC,XXX757,22069
5/20/2022,123ABC,XXX758,22070
5/21/2022,123ABC,XXX759,22071
5/22/2022,123ABC,XXX760,22072
5/23/2022,123ABC,XXX761,22073
5/24/2022,123ABC,XXX762,22074
5/25/2022,123ABC,XXX763,22075
5/26/2022,123ABC,XXX764,22076
5/27/2022,123ABC,XXX765,22077
5/28/2022,123ABC,XXX766,22078
5/29/2022,123ABC,XXX767,22079
5/30/2022,123ABC,XXX768,22080
5/31/2022,123ABC,XXX769,22081
6/1/2022,123ABC,XXX770,22082
6/2/2022,123ABC,XXX771,22083
6/3/2022,123ABC,XXX772,22084
6/4/2022,123ABC,XXX773,22085
6/5/2022,123ABC,XXX774,22086
6/6/2022,123ABC,XXX775,22087
6/7/2022,123ABC,XXX776,22088
6/8/2022,123ABC,XXX777,22089
6/9/2022,123ABC,XXX778,22090
6/10/2022,123ABC,XXX779,22091
6/11/2022,123ABC,XXX780,22092
6/12/2022,123ABC,XXX781,22093
6/13/2022,123ABC,XXX782,22094
6/14/2022,123ABC,XXX783,22095
6/15/2022,123ABC,XXX784,22096
6/16/2022,123ABC,XXX785,22097
6/17/2022,123ABC,XXX786,22098
6/18/2022,123ABC,XXX787,22099
6/19/2022,123ABC,XXX788,22100
6/20/2022,123ABC,XXX789,22101
6/21/2022,123ABC,XXX790,22102
6/22/2022,123ABC,XXX791,22103
6/23/2022,123ABC,XXX792,22104
6/24/2022,123ABC,XXX793,22105
6/25/2022,123ABC,XXX794,22106
6/26/2022,123ABC,XXX795,22107
6/27/2022,123ABC,XXX796,22108
6/28/2022,123ABC,XXX797,22109
6/29/2022,123ABC,XXX798,22110
6/30/2022,123ABC,XXX799,22111
7/1/2022,123ABC,XXX800,22112
7/2/2022,123ABC,XXX801,22113
7/3/2022,123ABC,XXX802,22114
7/4/2022,123ABC,XXX803,22115
7/5/2022,123ABC,XXX804,22116
7/6/2022,123ABC,XXX805,22117
7/7/2022,123ABC,XXX806,22118
7/8/2022,123ABC,XXX807,22119
7/9/2022,123ABC,XXX808,22120
7/10/2022,123ABC,XXX809,22121
7/11/2022,123ABC,XXX810,22122
7/12/2022,123ABC,XXX811,22123
7/13/2022,123ABC,XXX812,22124
7/14/2022,123ABC,XXX813,22125
7/15/2022,123ABC,XXX814,22126
7/16/2022,123ABC,XXX815,22127
7/17/2022,123ABC,XXX816,22128
7/18/2022,123ABC,XXX817,22129
7/19/2022,123ABC,XXX818,22130
7/20/2022,123ABC,XXX819,22131
7/21/2022,123ABC,XXX820,22132
7/22/2022,123ABC,XXX821,22133
7/23/2022,123ABC,XXX822,22134
7/24/2022,123ABC,XXX823,22135
7/25/2022,123ABC,XXX824,22136
7/26/2022,123ABC,XXX825,22137
7/27/2022,123ABC,XXX826,22138
7/28/2022,123ABC,XXX827,22139
7/29/2022,123ABC,XXX828,22140
7/30/2022,123ABC,XXX829,22141
7/31/2022,123ABC,XXX830,22142
8/1/2022,123ABC,XXX831,22143
8/2/2022,123ABC,XXX832,22144
8/3/2022,123ABC,XXX833,22145
8/4/2022,123ABC,XXX834,22146
8/5/2022,123ABC,XXX835,22147
8/6/2022,123ABC,XXX836,22148
8/7/2022,123ABC,XXX837,22149
8/8/2022,123ABC,XXX838,22150
8/9/2022,123ABC,XXX839,22151
8/10/2022,123ABC,XXX840,22152
8/11/2022,123ABC,XXX841,22153
8/12/2022,123ABC,XXX842,22154
8/13/2022,123ABC,XXX843,22155
8/14/2022,123ABC,XXX844,22156
8/15/2022,123ABC,XXX845,22157
8/16/2022,123ABC,XXX846,22158
8/17/2022,123ABC,XXX847,22159
8/18/2022,123ABC,XXX848,22160
8/19/2022,123ABC,XXX849,22161
8/20/2022,123ABC,XXX850,22162
8/21/2022,123ABC,XXX851,22163
8/22/2022,123ABC,XXX852,22164
8/23/2022,123ABC,XXX853,22165
8/24/2022,123ABC,XXX854,22166
8/25/2022,123ABC,XXX855,22167
8/26/2022,123ABC,XXX856,22168
8/27/2022,123ABC,XXX857,22169
8/28/2022,123ABC,XXX858,22170
8/29/2022,123ABC,XXX859,22171
8/30/2022,123ABC,XXX860,22172
8/31/2022,123ABC,XXX861,22173
9/1/2022,123ABC,XXX862,22174
9/2/2022,123ABC,XXX863,22175
9/3/2022,123ABC,XXX864,22176
9/4/2022,123ABC,XXX865,22177
9/5/2022,123ABC,XXX866,22178
9/6/2022,123ABC,XXX867,22179
9/7/2022,123ABC,XXX868,22180
9/8/2022,123ABC,XXX869,22181
9/9/2022,123ABC,XXX870,22182
9/10/2022,123ABC,XXX871,22183
9/11/2022,123ABC,XXX872,22184
9/12/2022,123ABC,XXX873,22185
9/13/2022,123ABC,XXX874,22186
9/14/2022,123ABC,XXX875,22187
9/15/2022,123ABC,XXX876,22188
9/16/2022,123ABC,XXX877,22189
9/17/2022,123ABC,XXX878,22190
9/18/2022,123ABC,XXX879,22191
11/30/2021,123ABC,XXX880,22192
12/1/2021,123ABC,XXX881,22193
12/2/2021,123ABC,XXX882,22194
12/3/2021,123ABC,XXX883,22195
12/4/2021,123ABC,XXX884,22196
12/5/2021,123ABC,XXX885,22197
12/6/2021,123ABC,XXX886,22198
12/7/2021,123ABC,XXX887,22199
12/8/2021,123ABC,XXX888,22200
12/9/2021,123ABC,XXX889,22201
12/10/2021,123ABC,XXX890,22202
12/11/2021,123ABC,XXX891,22203
12/12/2021,123ABC,XXX892,22204
12/13/2021,123ABC,XXX893,22205
12/14/2021,123ABC,XXX894,22206
12/15/2021,123ABC,XXX895,22207
12/16/2021,123ABC,XXX896,22208
12/17/2021,123ABC,XXX897,22209
12/18/2021,123ABC,XXX898,22210
12/19/2021,123ABC,XXX899,22211
12/20/2021,123ABC,XXX900,22212
12/21/2021,123ABC,XXX901,22213
12/22/2021,123ABC,XXX902,22214
12/23/2021,123ABC,XXX903,22215
12/24/2021,123ABC,XXX904,22216
12/25/2021,123ABC,XXX905,22217
12/26/2021,123ABC,XXX906,22218
12/27/2021,123ABC,XXX907,22219
12/28/2021,123ABC,XXX908,22220
12/29/2021,123ABC,XXX909,22221
12/30/2021,123ABC,XXX910,22222
12/31/2021,123ABC,XXX911,22223
1/1/2022,123ABC,XXX912,22224
1/2/2022,123ABC,XXX913,22225
1/3/2022,123ABC,XXX914,22226
1/4/2022,123ABC,XXX915,22227
1/5/2022,123ABC,XXX916,22228
1/6/2022,123ABC,XXX917,22229
1/7/2022,123ABC,XXX918,22230
1/8/2022,123ABC,XXX919,22231
1/9/2022,123ABC,XXX920,22232
1/10/2022,123ABC,XXX921,22233
1/11/2022,123ABC,XXX922,22234
1/12/2022,123ABC,XXX923,22235
1/13/2022,123ABC,XXX924,22236
1/14/2022,123ABC,XXX925,22237
1/15/2022,123ABC,XXX926,22238
1/16/2022,123ABC,XXX927,22239
1/17/2022,123ABC,XXX928,22240
1/18/2022,123ABC,XXX929,22241
1/19/2022,123ABC,XXX930,22242
1/20/2022,123ABC,XXX931,22243
1/21/2022,123ABC,XXX932,22244
1/22/2022,123ABC,XXX933,22245
1/23/2022,123ABC,XXX934,22246
1/24/2022,123ABC,XXX935,22247
1/25/2022,123ABC,XXX936,22248
1/26/2022,123ABC,XXX937,22249
1/27/2022,123ABC,XXX938,22250
1/28/2022,123ABC,XXX939,22251
1/29/2022,123ABC,XXX940,22252
1/30/2022,123ABC,XXX941,22253
1/31/2022,123ABC,XXX942,22254
2/1/2022,123ABC,XXX943,22255
2/2/2022,123ABC,XXX944,22256
2/3/2022,123ABC,XXX945,22257
2/4/2022,123ABC,XXX946,22258
2/5/2022,123ABC,XXX947,22259
2/6/2022,123ABC,XXX948,22260
2/7/2022,123ABC,XXX949,22261
2/8/2022,123ABC,XXX950,22262
2/9/2022,123ABC,XXX951,22263
2/10/2022,123ABC,XXX952,22264
2/11/2022,123ABC,XXX953,22265
2/12/2022,123ABC,XXX954,22266
2/13/2022,123ABC,XXX955,22267
2/14/2022,123ABC,XXX956,22268
2/15/2022,123ABC,XXX957,22269
2/16/2022,123ABC,XXX958,22270
2/17/2022,123ABC,XXX959,22271
2/18/2022,123ABC,XXX960,22272
2/19/2022,123ABC,XXX961,22273
2/20/2022,123ABC,XXX962,22274
2/21/2022,123ABC,XXX963,22275
2/22/2022,123ABC,XXX964,22276
2/23/2022,123ABC,XXX965,22277
2/24/2022,123ABC,XXX966,22278
2/25/2022,123ABC,XXX967,22279
2/26/2022,123ABC,XXX968,22280
2/27/2022,123ABC,XXX969,22281
2/28/2022,123ABC,XXX970,22282
3/1/2022,123ABC,XXX971,22283
3/2/2022,123ABC,XXX972,22284
3/3/2022,123ABC,XXX973,22285
3/4/2022,123ABC,XXX974,22286
3/5/2022,123ABC,XXX975,22287
3/6/2022,123ABC,XXX976,22288
3/7/2022,123ABC,XXX977,22289
3/8/2022,123ABC,XXX978,22290
3/9/2022,123ABC,XXX979,22291
3/10/2022,123ABC,XXX980,22292
3/11/2022,123ABC,XXX981,22293
3/12/2022,123ABC,XXX982,22294
3/13/2022,123ABC,XXX983,22295
3/14/2022,123ABC,XXX984,22296
3/15/2022,123ABC,XXX985,22297
3/16/2022,123ABC,XXX986,22298
3/17/2022,123ABC,XXX987,22299
3/18/2022,123ABC,XXX988,22300
3/19/2022,123ABC,XXX989,22301
3/20/2022,123ABC,XXX990,22302
3/21/2022,123ABC,XXX991,22303
3/22/2022,123ABC,XXX992,22304
3/23/2022,123ABC,XXX993,22305
3/24/2022,123ABC,XXX994,22306
3/25/2022,123ABC,XXX995,22307
3/26/2022,123ABC,XXX996,22308
3/27/2022,123ABC,XXX997,22309
3/28/2022,123ABC,XXX998,22310
3/29/2022,123ABC,XXX999,22311
3/30/2022,123ABC,XXX1000,22312
3/31/2022,123ABC,XXX1001,22313
4/1/2022,123ABC,XXX1002,22314
4/2/2022,123ABC,XXX1003,22315
4/3/2022,123ABC,XXX1004,22316
4/4/2022,123ABC,XXX1005,22317
4/5/2022,123ABC,XXX1006,22318
4/6/2022,123ABC,XXX1007,22319
4/7/2022,123ABC,XXX1008,22320
4/8/2022,123ABC,XXX1009,22321
4/9/2022,123ABC,XXX1010,22322
4/10/2022,123ABC,XXX1011,22323
4/11/2022,123ABC,XXX1012,22324
4/12/2022,123ABC,XXX1013,22325
4/13/2022,123ABC,XXX1014,22326
4/14/2022,123ABC,XXX1015,22327
4/15/2022,123ABC,XXX1016,22328
4/16/2022,123ABC,XXX1017,22329
4/17/2022,123ABC,XXX1018,22330
4/18/2022,123ABC,XXX1019,22331
4/19/2022,123ABC,XXX1020,22332
4/20/2022,123ABC,XXX1021,22333
4/21/2022,123ABC,XXX1022,22334
4/22/2022,123ABC,XXX1023,22335
4/23/2022,123ABC,XXX1024,22336
4/24/2022,123ABC,XXX1025,22337
4/25/2022,123ABC,XXX1026,22338
4/26/2022,123ABC,XXX1027,22339
4/27/2022,123ABC,XXX1028,22340
4/28/2022,123ABC,XXX1029,22341
4/29/2022,123ABC,XXX1030,22342
4/30/2022,123ABC,XXX1031,22343
5/1/2022,123ABC,XXX1032,22344
5/2/2022,123ABC,XXX1033,22345
5/3/2022,123ABC,XXX1034,22346
5/4/2022,123ABC,XXX1035,22347
5/5/2022,123ABC,XXX1036,22348
5/6/2022,123ABC,XXX1037,22349
5/7/2022,123ABC,XXX1038,22350
5/8/2022,123ABC,XXX1039,22351
5/9/2022,123ABC,XXX1040,22352
5/10/2022,123ABC,XXX1041,22353
5/11/2022,123ABC,XXX1042,22354
5/12/2022,123ABC,XXX1043,22355
5/13/2022,123ABC,XXX1044,22356
5/14/2022,123ABC,XXX1045,22357
5/15/2022,123ABC,XXX1046,22358
5/16/2022,123ABC,XXX1047,22359
5/17/2022,123ABC,XXX1048,22360
5/18/2022,123ABC,XXX1049,22361
5/19/2022,123ABC,XXX1050,22362
5/20/2022,123ABC,XXX1051,22363
5/21/2022,123ABC,XXX1052,22364
5/22/2022,123ABC,XXX1053,22365
5/23/2022,123ABC,XXX1054,22366
5/24/2022,123ABC,XXX1055,22367
5/25/2022,123ABC,XXX1056,22368
5/26/2022,123ABC,XXX1057,22369
5/27/2022,123ABC,XXX1058,22370
5/28/2022,123ABC,XXX1059,22371
5/29/2022,123ABC,XXX1060,22372
5/30/2022,123ABC,XXX1061,22373
5/31/2022,123ABC,XXX1062,22374
6/1/2022,123ABC,XXX1063,22375
6/2/2022,123ABC,XXX1064,22376
6/3/2022,123ABC,XXX1065,22377
6/4/2022,123ABC,XXX1066,22378
6/5/2022,123ABC,XXX1067,22379
6/6/2022,123ABC,XXX1068,22380
6/7/2022,123ABC,XXX1069,22381
6/8/2022,123ABC,XXX1070,22382
6/9/2022,123ABC,XXX1071,22383
6/10/2022,123ABC,XXX1072,22384
6/11/2022,123ABC,XXX1073,22385
6/12/2022,123ABC,XXX1074,22386
6/13/2022,123ABC,XXX1075,22387
6/14/2022,123ABC,XXX1076,22388
6/15/2022,123ABC,XXX1077,22389
6/16/2022,123ABC,XXX1078,22390
6/17/2022,123ABC,XXX1079,22391
6/18/2022,123ABC,XXX1080,22392
6/19/2022,123ABC,XXX1081,22393
6/20/2022,123ABC,XXX1082,22394
6/21/2022,123ABC,XXX1083,22395
6/22/2022,123ABC,XXX1084,22396
6/23/2022,123ABC,XXX1085,22397
6/24/2022,123ABC,XXX1086,22398
6/25/2022,123ABC,XXX1087,22399
6/26/2022,123ABC,XXX1088,22400
6/27/2022,123ABC,XXX1089,22401
6/28/2022,123ABC,XXX1090,22402
6/29/2022,123ABC,XXX1091,22403
6/30/2022,123ABC,XXX1092,22404
7/1/2022,123ABC,XXX1093,22405
7/2/2022,123ABC,XXX1094,22406
7/3/2022,123ABC,XXX1095,22407
7/4/2022,123ABC,XXX1096,22408
7/5/2022,123ABC,XXX1097,22409
7/6/2022,123ABC,XXX1098,22410
7/7/2022,123ABC,XXX1099,22411
7/8/2022,123ABC,XXX1100,22412
7/9/2022,123ABC,XXX1101,22413
7/10/2022,123ABC,XXX1102,22414
7/11/2022,123ABC,XXX1103,22415
7/12/2022,123ABC,XXX1104,22416
7/13/2022,123ABC,XXX1105,22417
7/14/2022,123ABC,XXX1106,22418
7/15/2022,123ABC,XXX1107,22419
7/16/2022,123ABC,XXX1108,22420
7/17/2022,123ABC,XXX1109,22421
7/18/2022,123ABC,XXX1110,22422
7/19/2022,123ABC,XXX1111,22423
7/20/2022,123ABC,XXX1112,22424
7/21/2022,123ABC,XXX1113,22425
7/22/2022,123ABC,XXX1114,22426
7/23/2022,123ABC,XXX1115,22427
7/24/2022,123ABC,XXX1116,22428
7/25/2022,123ABC,XXX1117,22429
7/26/2022,123ABC,XXX1118,22430
7/27/2022,123ABC,XXX1119,22431
7/28/2022,123ABC,XXX1120,22432
7/29/2022,123ABC,XXX1121,22433
7/30/2022,123ABC,XXX1122,22434
7/31/2022,123ABC,XXX1123,22435
8/1/2022,123ABC,XXX1124,22436
8/2/2022,123ABC,XXX1125,22437
8/3/2022,123ABC,XXX1126,22438
8/4/2022,123ABC,XXX1127,22439
8/5/2022,123ABC,XXX1128,22440
8/6/2022,123ABC,XXX1129,22441
8/7/2022,123ABC,XXX1130,22442
8/8/2022,123ABC,XXX1131,22443
8/9/2022,123ABC,XXX1132,22444
8/10/2022,123ABC,XXX1133,22445
8/11/2022,123ABC,XXX1134,22446
8/12/2022,123ABC,XXX1135,22447
8/13/2022,123ABC,XXX1136,22448
8/14/2022,123ABC,XXX1137,22449
8/15/2022,123ABC,XXX1138,22450
8/16/2022,123ABC,XXX1139,22451
8/17/2022,123ABC,XXX1140,22452
8/18/2022,123ABC,XXX1141,22453
8/19/2022,123ABC,XXX1142,22454
8/20/2022,123ABC,XXX1143,22455
8/21/2022,123ABC,XXX1144,22456
8/22/2022,123ABC,XXX1145,22457
8/23/2022,123ABC,XXX1146,22458
8/24/2022,123ABC,XXX1147,22459
8/25/2022,123ABC,XXX1148,22460
8/26/2022,123ABC,XXX1149,22461
8/27/2022,123ABC,XXX1150,22462
8/28/2022,123ABC,XXX1151,22463
8/29/2022,123ABC,XXX1152,22464
8/30/2022,123ABC,XXX1153,22465
8/31/2022,123ABC,XXX1154,22466
9/1/2022,123ABC,XXX1155,22467
9/2/2022,123ABC,XXX1156,22468
9/3/2022,123ABC,XXX1157,22469
9/4/2022,123ABC,XXX1158,22470
9/5/2022,123ABC,XXX1159,22471
9/6/2022,123ABC,XXX1160,22472
9/7/2022,123ABC,XXX1161,22473
9/8/2022,123ABC,XXX1162,22474
9/9/2022,123ABC,XXX1163,22475
9/10/2022,123ABC,XXX1164,22476
9/11/2022,123ABC,XXX1165,22477
9/12/2022,123ABC,XXX1166,22478
9/13/2022,123ABC,XXX1167,22479
9/14/2022,123ABC,XXX1168,22480
9/15/2022,123ABC,XXX1169,22481
9/16/2022,123ABC,XXX1170,22482
9/17/2022,123ABC,XXX1171,22483
9/18/2022,123ABC,XXX1172,22484
11/30/2021,123ABC,XXX1173,22485
12/1/2021,123ABC,XXX1174,22486
12/2/2021,123ABC,XXX1175,22487
12/3/2021,123ABC,XXX1176,22488
12/4/2021,123ABC,XXX1177,22489
12/5/2021,123ABC,XXX1178,22490
12/6/2021,123ABC,XXX1179,22491
12/7/2021,123ABC,XXX1180,22492
12/8/2021,123ABC,XXX1181,22493
12/9/2021,123ABC,XXX1182,22494
12/10/2021,123ABC,XXX1183,22495
12/11/2021,123ABC,XXX1184,22496
12/12/2021,123ABC,XXX1185,22497
12/13/2021,123ABC,XXX1186,22498
12/14/2021,123ABC,XXX1187,22499
12/15/2021,123ABC,XXX1188,22500
12/16/2021,123ABC,XXX1189,22501
12/17/2021,123ABC,XXX1190,22502
12/18/2021,123ABC,XXX1191,22503
12/19/2021,123ABC,XXX1192,22504
12/20/2021,123ABC,XXX1193,22505
12/21/2021,123ABC,XXX1194,22506
12/22/2021,123ABC,XXX1195,22507
12/23/2021,123ABC,XXX1196,22508
12/24/2021,123ABC,XXX1197,22509
12/25/2021,123ABC,XXX1198,22510
12/26/2021,123ABC,XXX1199,22511
12/27/2021,123ABC,XXX1200,22512
12/28/2021,123ABC,XXX1201,22513
12/29/2021,123ABC,XXX1202,22514
12/30/2021,123ABC,XXX1203,22515
12/31/2021,123ABC,XXX1204,22516
1/1/2022,123ABC,XXX1205,22517
1/2/2022,123ABC,XXX1206,22518
1/3/2022,123ABC,XXX1207,22519
1/4/2022,123ABC,XXX1208,22520
1/5/2022,123ABC,XXX1209,22521
1/6/2022,123ABC,XXX1210,22522
1/7/2022,123ABC,XXX1211,22523
1/8/2022,123ABC,XXX1212,22524
1/9/2022,123ABC,XXX1213,22525
1/10/2022,123ABC,XXX1214,22526
1/11/2022,123ABC,XXX1215,22527
1/12/2022,123ABC,XXX1216,22528
1/13/2022,123ABC,XXX1217,22529
1/14/2022,123ABC,XXX1218,22530
1/15/2022,123ABC,XXX1219,22531
1/16/2022,123ABC,XXX1220,22532
1/17/2022,123ABC,XXX1221,22533
1/18/2022,123ABC,XXX1222,22534
1/19/2022,123ABC,XXX1223,22535
1/20/2022,123ABC,XXX1224,22536
1/21/2022,123ABC,XXX1225,22537
1/22/2022,123ABC,XXX1226,22538
1/23/2022,123ABC,XXX1227,22539
1/24/2022,123ABC,XXX1228,22540
1/25/2022,123ABC,XXX1229,22541
1/26/2022,123ABC,XXX1230,22542
1/27/2022,123ABC,XXX1231,22543
1/28/2022,123ABC,XXX1232,22544
1/29/2022,123ABC,XXX1233,22545
1/30/2022,123ABC,XXX1234,22546
1/31/2022,123ABC,XXX1235,22547
2/1/2022,123ABC,XXX1236,22548
2/2/2022,123ABC,XXX1237,22549
2/3/2022,123ABC,XXX1238,22550
2/4/2022,123ABC,XXX1239,22551
2/5/2022,123ABC,XXX1240,22552
2/6/2022,123ABC,XXX1241,22553
2/7/2022,123ABC,XXX1242,22554
2/8/2022,123ABC,XXX1243,22555
2/9/2022,123ABC,XXX1244,22556
2/10/2022,123ABC,XXX1245,22557
2/11/2022,123ABC,XXX1246,22558
2/12/2022,123ABC,XXX1247,22559
2/13/2022,123ABC,XXX1248,22560
2/14/2022,123ABC,XXX1249,22561
2/15/2022,123ABC,XXX1250,22562
2/16/2022,123ABC,XXX1251,22563
2/17/2022,123ABC,XXX1252,22564
2/18/2022,123ABC,XXX1253,22565
2/19/2022,123ABC,XXX1254,22566
2/20/2022,123ABC,XXX1255,22567
2/21/2022,123ABC,XXX1256,22568
2/22/2022,123ABC,XXX1257,22569
2/23/2022,123ABC,XXX1258,22570
2/24/2022,123ABC,XXX1259,22571
2/25/2022,123ABC,XXX1260,22572
2/26/2022,123ABC,XXX1261,22573
2/27/2022,123ABC,XXX1262,22574
2/28/2022,123ABC,XXX1263,22575
3/1/2022,123ABC,XXX1264,22576
3/2/2022,123ABC,XXX1265,22577
3/3/2022,123ABC,XXX1266,22578
3/4/2022,123ABC,XXX1267,22579
3/5/2022,123ABC,XXX1268,22580
3/6/2022,123ABC,XXX1269,22581
3/7/2022,123ABC,XXX1270,22582
3/8/2022,123ABC,XXX1271,22583
3/9/2022,123ABC,XXX1272,22584
3/10/2022,123ABC,XXX1273,22585
3/11/2022,123ABC,XXX1274,22586
3/12/2022,123ABC,XXX1275,22587
3/13/2022,123ABC,XXX1276,22588
3/14/2022,123ABC,XXX1277,22589
3/15/2022,123ABC,XXX1278,22590
3/16/2022,123ABC,XXX1279,22591
3/17/2022,123ABC,XXX1280,22592
3/18/2022,123ABC,XXX1281,22593
3/19/2022,123ABC,XXX1282,22594
3/20/2022,123ABC,XXX1283,22595
3/21/2022,123ABC,XXX1284,22596
3/22/2022,123ABC,XXX1285,22597
3/23/2022,123ABC,XXX1286,22598
3/24/2022,123ABC,XXX1287,22599
3/25/2022,123ABC,XXX1288,22600
3/26/2022,123ABC,XXX1289,22601
3/27/2022,123ABC,XXX1290,22602
3/28/2022,123ABC,XXX1291,22603
3/29/2022,123ABC,XXX1292,22604
3/30/2022,123ABC,XXX1293,22605
3/31/2022,123ABC,XXX1294,22606
4/1/2022,123ABC,XXX1295,22607
4/2/2022,123ABC,XXX1296,22608
4/3/2022,123ABC,XXX1297,22609
4/4/2022,123ABC,XXX1298,22610
4/5/2022,123ABC,XXX1299,22611
4/6/2022,123ABC,XXX1300,22612
4/7/2022,123ABC,XXX1301,22613
4/8/2022,123ABC,XXX1302,22614
4/9/2022,123ABC,XXX1303,22615
4/10/2022,123ABC,XXX1304,22616
4/11/2022,123ABC,XXX1305,22617
4/12/2022,123ABC,XXX1306,22618
4/13/2022,123ABC,XXX1307,22619
4/14/2022,123ABC,XXX1308,22620
4/15/2022,123ABC,XXX1309,22621
4/16/2022,123ABC,XXX1310,22622
4/17/2022,123ABC,XXX1311,22623
4/18/2022,123ABC,XXX1312,22624
4/19/2022,123ABC,XXX1313,22625
4/20/2022,123ABC,XXX1314,22626
4/21/2022,123ABC,XXX1315,22627
4/22/2022,123ABC,XXX1316,22628
4/23/2022,123ABC,XXX1317,22629
4/24/2022,123ABC,XXX1318,22630
4/25/2022,123ABC,XXX1319,22631
4/26/2022,123ABC,XXX1320,22632
4/27/2022,123ABC,XXX1321,22633
4/28/2022,123ABC,XXX1322,22634
4/29/2022,123ABC,XXX1323,22635
4/30/2022,123ABC,XXX1324,22636
5/1/2022,123ABC,XXX1325,22637
5/2/2022,123ABC,XXX1326,22638
5/3/2022,123ABC,XXX1327,22639
5/4/2022,123ABC,XXX1328,22640
5/5/2022,123ABC,XXX1329,22641
5/6/2022,123ABC,XXX1330,22642
5/7/2022,123ABC,XXX1331,22643
5/8/2022,123ABC,XXX1332,22644
5/9/2022,123ABC,XXX1333,22645
5/10/2022,123ABC,XXX1334,22646
5/11/2022,123ABC,XXX1335,22647
5/12/2022,123ABC,XXX1336,22648
5/13/2022,123ABC,XXX1337,22649
5/14/2022,123ABC,XXX1338,22650
5/15/2022,123ABC,XXX1339,22651
5/16/2022,123ABC,XXX1340,22652
5/17/2022,123ABC,XXX1341,22653
5/18/2022,123ABC,XXX1342,22654
5/19/2022,123ABC,XXX1343,22655
5/20/2022,123ABC,XXX1344,22656
5/21/2022,123ABC,XXX1345,22657
5/22/2022,123ABC,XXX1346,22658
5/23/2022,123ABC,XXX1347,22659
5/24/2022,123ABC,XXX1348,22660
5/25/2022,123ABC,XXX1349,22661
5/26/2022,123ABC,XXX1350,22662
5/27/2022,123ABC,XXX1351,22663
5/28/2022,123ABC,XXX1352,22664
5/29/2022,123ABC,XXX1353,22665
5/30/2022,123ABC,XXX1354,22666
5/31/2022,123ABC,XXX1355,22667
6/1/2022,123ABC,XXX1356,22668
6/2/2022,123ABC,XXX1357,22669
6/3/2022,123ABC,XXX1358,22670
6/4/2022,123ABC,XXX1359,22671
6/5/2022,123ABC,XXX1360,22672
6/6/2022,123ABC,XXX1361,22673
6/7/2022,123ABC,XXX1362,22674
6/8/2022,123ABC,XXX1363,22675
6/9/2022,123ABC,XXX1364,22676
6/10/2022,123ABC,XXX1365,22677
6/11/2022,123ABC,XXX1366,22678
6/12/2022,123ABC,XXX1367,22679
6/13/2022,123ABC,XXX1368,22680
6/14/2022,123ABC,XXX1369,22681
6/15/2022,123ABC,XXX1370,22682
6/16/2022,123ABC,XXX1371,22683
6/17/2022,123ABC,XXX1372,22684
6/18/2022,123ABC,XXX1373,22685
6/19/2022,123ABC,XXX1374,22686
6/20/2022,123ABC,XXX1375,22687
6/21/2022,123ABC,XXX1376,22688
6/22/2022,123ABC,XXX1377,22689
6/23/2022,123ABC,XXX1378,22690
6/24/2022,123ABC,XXX1379,22691
6/25/2022,123ABC,XXX1380,22692
6/26/2022,123ABC,XXX1381,22693
6/27/2022,123ABC,XXX1382,22694
6/28/2022,123ABC,XXX1383,22695
6/29/2022,123ABC,XXX1384,22696
6/30/2022,123ABC,XXX1385,22697
7/1/2022,123ABC,XXX1386,22698
7/2/2022,123ABC,XXX1387,22699
7/3/2022,123ABC,XXX1388,22700
7/4/2022,123ABC,XXX1389,22701
7/5/2022,123ABC,XXX1390,22702
7/6/2022,123ABC,XXX1391,22703
7/7/2022,123ABC,XXX1392,22704
7/8/2022,123ABC,XXX1393,22705
7/9/2022,123ABC,XXX1394,22706
7/10/2022,123ABC,XXX1395,22707
7/11/2022,123ABC,XXX1396,22708
7/12/2022,123ABC,XXX1397,22709
7/13/2022,123ABC,XXX1398,22710
7/14/2022,123ABC,XXX1399,22711
7/15/2022,123ABC,XXX1400,22712
7/16/2022,123ABC,XXX1401,22713
7/17/2022,123ABC,XXX1402,22714
7/18/2022,123ABC,XXX1403,22715
7/19/2022,123ABC,XXX1404,22716
7/20/2022,123ABC,XXX1405,22717
7/21/2022,123ABC,XXX1406,22718
7/22/2022,123ABC,XXX1407,22719
7/23/2022,123ABC,XXX1408,22720
7/24/2022,123ABC,XXX1409,22721
7/25/2022,123ABC,XXX1410,22722
7/26/2022,123ABC,XXX1411,22723
7/27/2022,123ABC,XXX1412,22724
7/28/2022,123ABC,XXX1413,22725
7/29/2022,123ABC,XXX1414,22726
7/30/2022,123ABC,XXX1415,22727
7/31/2022,123ABC,XXX1416,22728
8/1/2022,123ABC,XXX1417,22729
8/2/2022,123ABC,XXX1418,22730
8/3/2022,123ABC,XXX1419,22731
8/4/2022,123ABC,XXX1420,22732
8/5/2022,123ABC,XXX1421,22733
8/6/2022,123ABC,XXX1422,22734
8/7/2022,123ABC,XXX1423,22735
8/8/2022,123ABC,XXX1424,22736
8/9/2022,123ABC,XXX1425,22737
8/10/2022,123ABC,XXX1426,22738
8/11/2022,123ABC,XXX1427,22739
8/12/2022,123ABC,XXX1428,22740
8/13/2022,123ABC,XXX1429,22741
8/14/2022,123ABC,XXX1430,22742
8/15/2022,123ABC,XXX1431,22743
8/16/2022,123ABC,XXX1432,22744
8/17/2022,123ABC,XXX1433,22745
8/18/2022,123ABC,XXX1434,22746
8/19/2022,123ABC,XXX1435,22747
8/20/2022,123ABC,XXX1436,22748
8/21/2022,123ABC,XXX1437,22749
8/22/2022,123ABC,XXX1438,22750
8/23/2022,123ABC,XXX1439,22751
8/24/2022,123ABC,XXX1440,22752
8/25/2022,123ABC,XXX1441,22753
8/26/2022,123ABC,XXX1442,22754
8/27/2022,123ABC,XXX1443,22755
8/28/2022,123ABC,XXX1444,22756
8/29/2022,123ABC,XXX1445,22757
8/30/2022,123ABC,XXX1446,22758
8/31/2022,123ABC,XXX1447,22759
9/1/2022,123ABC,XXX1448,22760
9/2/2022,123ABC,XXX1449,22761
9/3/2022,123ABC,XXX1450,22762
9/4/2022,123ABC,XXX1451,22763
9/5/2022,123ABC,XXX1452,22764
9/6/2022,123ABC,XXX1453,22765
9/7/2022,123ABC,XXX1454,22766
9/8/2022,123ABC,XXX1455,22767
9/9/2022,123ABC,XXX1456,22768
9/10/2022,123ABC,XXX1457,22769
9/11/2022,123ABC,XXX1458,22770
9/12/2022,123ABC,XXX1459,22771
9/13/2022,123ABC,XXX1460,22772
9/14/2022,123ABC,XXX1461,22773
9/15/2022,123ABC,XXX1462,22774
9/16/2022,123ABC,XXX1463,22775
9/17/2022,123ABC,XXX1464,22776
9/18/2022,123ABC,XXX1465,22777
11/30/2021,123ABC,XXX1466,22778
12/1/2021,123ABC,XXX1467,22779
12/2/2021,123ABC,XXX1468,22780
12/3/2021,123ABC,XXX1469,22781
12/4/2021,123ABC,XXX1470,22782
12/5/2021,123ABC,XXX1471,22783
12/6/2021,123ABC,XXX1472,22784
12/7/2021,123ABC,XXX1473,22785
12/8/2021,123ABC,XXX1474,22786
12/9/2021,123ABC,XXX1475,22787
12/10/2021,123ABC,XXX1476,22788
12/11/2021,123ABC,XXX1477,22789
12/12/2021,123ABC,XXX1478,22790
12/13/2021,123ABC,XXX1479,22791
12/14/2021,123ABC,XXX1480,22792
12/15/2021,123ABC,XXX1481,22793
12/16/2021,123ABC,XXX1482,22794
12/17/2021,123ABC,XXX1483,22795
12/18/2021,123ABC,XXX1484,22796
12/19/2021,123ABC,XXX1485,22797
12/20/2021,123ABC,XXX1486,22798
12/21/2021,123ABC,XXX1487,22799
12/22/2021,123ABC,XXX1488,22800
12/23/2021,123ABC,XXX1489,22801
12/24/2021,123ABC,XXX1490,22802
12/25/2021,123ABC,XXX1491,22803
12/26/2021,123ABC,XXX1492,22804
12/27/2021,123ABC,XXX1493,22805
12/28/2021,123ABC,XXX1494,22806
12/29/2021,123ABC,XXX1495,22807
12/30/2021,123ABC,XXX1496,22808
12/31/2021,123ABC,XXX1497,22809
1/1/2022,123ABC,XXX1498,22810
1/2/2022,123ABC,XXX1499,22811
1/3/2022,123ABC,XXX1500,22812
1/4/2022,123ABC,XXX1501,22813
1/5/2022,123ABC,XXX1502,22814
1/6/2022,123ABC,XXX1503,22815
1/7/2022,123ABC,XXX1504,22816
1/8/2022,123ABC,XXX1505,22817
1/9/2022,123ABC,XXX1506,22818
1/10/2022,123ABC,XXX1507,22819
1/11/2022,123ABC,XXX1508,22820
1/12/2022,123ABC,XXX1509,22821
1/13/2022,123ABC,XXX1510,22822
1/14/2022,123ABC,XXX1511,22823
1/15/2022,123ABC,XXX1512,22824
1/16/2022,123ABC,XXX1513,22825
1/17/2022,123ABC,XXX1514,22826
1/18/2022,123ABC,XXX1515,22827
1/19/2022,123ABC,XXX1516,22828
1/20/2022,123ABC,XXX1517,22829
1/21/2022,123ABC,XXX1518,22830
1/22/2022,123ABC,XXX1519,22831
1/23/2022,123ABC,XXX1520,22832
1/24/2022,123ABC,XXX1521,22833
1/25/2022,123ABC,XXX1522,22834
1/26/2022,123ABC,XXX1523,22835
1/27/2022,123ABC,XXX1524,22836
1/28/2022,123ABC,XXX1525,22837
1/29/2022,123ABC,XXX1526,22838
1/30/2022,123ABC,XXX1527,22839
1/31/2022,123ABC,XXX1528,22840
2/1/2022,123ABC,XXX1529,22841
2/2/2022,123ABC,XXX1530,22842
2/3/2022,123ABC,XXX1531,22843
2/4/2022,123ABC,XXX1532,22844
2/5/2022,123ABC,XXX1533,22845
2/6/2022,123ABC,XXX1534,22846
2/7/2022,123ABC,XXX1535,22847
2/8/2022,123ABC,XXX1536,22848
2/9/2022,123ABC,XXX1537,22849
2/10/2022,123ABC,XXX1538,22850
2/11/2022,123ABC,XXX1539,22851
2/12/2022,123ABC,XXX1540,22852
2/13/2022,123ABC,XXX1541,22853
2/14/2022,123ABC,XXX1542,22854
2/15/2022,123ABC,XXX1543,22855
2/16/2022,123ABC,XXX1544,22856
2/17/2022,123ABC,XXX1545,22857
2/18/2022,123ABC,XXX1546,22858
2/19/2022,123ABC,XXX1547,22859
2/20/2022,123ABC,XXX1548,22860
2/21/2022,123ABC,XXX1549,22861
2/22/2022,123ABC,XXX1550,22862
2/23/2022,123ABC,XXX1551,22863
2/24/2022,123ABC,XXX1552,22864
2/25/2022,123ABC,XXX1553,22865
2/26/2022,123ABC,XXX1554,22866
2/27/2022,123ABC,XXX1555,22867
2/28/2022,123ABC,XXX1556,22868
3/1/2022,123ABC,XXX1557,22869
3/2/2022,123ABC,XXX1558,22870
3/3/2022,123ABC,XXX1559,22871
3/4/2022,123ABC,XXX1560,22872
3/5/2022,123ABC,XXX1561,22873
3/6/2022,123ABC,XXX1562,22874
3/7/2022,123ABC,XXX1563,22875
3/8/2022,123ABC,XXX1564,22876
3/9/2022,123ABC,XXX1565,22877
3/10/2022,123ABC,XXX1566,22878
3/11/2022,123ABC,XXX1567,22879
3/12/2022,123ABC,XXX1568,22880
3/13/2022,123ABC,XXX1569,22881
3/14/2022,123ABC,XXX1570,22882
3/15/2022,123ABC,XXX1571,22883
3/16/2022,123ABC,XXX1572,22884
3/17/2022,123ABC,XXX1573,22885
3/18/2022,123ABC,XXX1574,22886
3/19/2022,123ABC,XXX1575,22887
3/20/2022,123ABC,XXX1576,22888
3/21/2022,123ABC,XXX1577,22889
3/22/2022,123ABC,XXX1578,22890
3/23/2022,123ABC,XXX1579,22891
3/24/2022,123ABC,XXX1580,22892
3/25/2022,123ABC,XXX1581,22893
3/26/2022,123ABC,XXX1582,22894
3/27/2022,123ABC,XXX1583,22895
3/28/2022,123ABC,XXX1584,22896
3/29/2022,123ABC,XXX1585,22897
3/30/2022,123ABC,XXX1586,22898
3/31/2022,123ABC,XXX1587,22899
4/1/2022,123ABC,XXX1588,22900
4/2/2022,123ABC,XXX1589,22901
4/3/2022,123ABC,XXX1590,22902
4/4/2022,123ABC,XXX1591,22903
4/5/2022,123ABC,XXX1592,22904
4/6/2022,123ABC,XXX1593,22905
4/7/2022,123ABC,XXX1594,22906
4/8/2022,123ABC,XXX1595,22907
4/9/2022,123ABC,XXX1596,22908
4/10/2022,123ABC,XXX1597,22909
4/11/2022,123ABC,XXX1598,22910
4/12/2022,123ABC,XXX1599,22911
4/13/2022,123ABC,XXX1600,22912
4/14/2022,123ABC,XXX1601,22913
4/15/2022,123ABC,XXX1602,22914
4/16/2022,123ABC,XXX1603,22915
4/17/2022,123ABC,XXX1604,22916
4/18/2022,123ABC,XXX1605,22917
4/19/2022,123ABC,XXX1606,22918
4/20/2022,123ABC,XXX1607,22919
4/21/2022,123ABC,XXX1608,22920
4/22/2022,123ABC,XXX1609,22921
4/23/2022,123ABC,XXX1610,22922
4/24/2022,123ABC,XXX1611,22923
4/25/2022,123ABC,XXX1612,22924
4/26/2022,123ABC,XXX1613,22925
4/27/2022,123ABC,XXX1614,22926
4/28/2022,123ABC,XXX1615,22927
4/29/2022,123ABC,XXX1616,22928
4/30/2022,123ABC,XXX1617,22929
5/1/2022,123ABC,XXX1618,22930
5/2/2022,123ABC,XXX1619,22931
5/3/2022,123ABC,XXX1620,22932
5/4/2022,123ABC,XXX1621,22933
5/5/2022,123ABC,XXX1622,22934
5/6/2022,123ABC,XXX1623,22935
5/7/2022,123ABC,XXX1624,22936
5/8/2022,123ABC,XXX1625,22937
5/9/2022,123ABC,XXX1626,22938
5/10/2022,123ABC,XXX1627,22939
5/11/2022,123ABC,XXX1628,22940
5/12/2022,123ABC,XXX1629,22941
5/13/2022,123ABC,XXX1630,22942
5/14/2022,123ABC,XXX1631,22943
5/15/2022,123ABC,XXX1632,22944
5/16/2022,123ABC,XXX1633,22945
5/17/2022,123ABC,XXX1634,22946
5/18/2022,123ABC,XXX1635,22947
5/19/2022,123ABC,XXX1636,22948
5/20/2022,123ABC,XXX1637,22949
5/21/2022,123ABC,XXX1638,22950
5/22/2022,123ABC,XXX1639,22951
5/23/2022,123ABC,XXX1640,22952
5/24/2022,123ABC,XXX1641,22953
5/25/2022,123ABC,XXX1642,22954
5/26/2022,123ABC,XXX1643,22955
5/27/2022,123ABC,XXX1644,22956
5/28/2022,123ABC,XXX1645,22957
5/29/2022,123ABC,XXX1646,22958
5/30/2022,123ABC,XXX1647,22959
5/31/2022,123ABC,XXX1648,22960
6/1/2022,123ABC,XXX1649,22961
6/2/2022,123ABC,XXX1650,22962
6/3/2022,123ABC,XXX1651,22963
6/4/2022,123ABC,XXX1652,22964
6/5/2022,123ABC,XXX1653,22965
6/6/2022,123ABC,XXX1654,22966
6/7/2022,123ABC,XXX1655,22967
6/8/2022,123ABC,XXX1656,22968
6/9/2022,123ABC,XXX1657,22969
6/10/2022,123ABC,XXX1658,22970
6/11/2022,123ABC,XXX1659,22971
6/12/2022,123ABC,XXX1660,22972
6/13/2022,123ABC,XXX1661,22973
6/14/2022,123ABC,XXX1662,22974
6/15/2022,123ABC,XXX1663,22975
6/16/2022,123ABC,XXX1664,22976
6/17/2022,123ABC,XXX1665,22977
6/18/2022,123ABC,XXX1666,22978
6/19/2022,123ABC,XXX1667,22979
6/20/2022,123ABC,XXX1668,22980
6/21/2022,123ABC,XXX1669,22981
6/22/2022,123ABC,XXX1670,22982
6/23/2022,123ABC,XXX1671,22983
6/24/2022,123ABC,XXX1672,22984
6/25/2022,123ABC,XXX1673,22985
6/26/2022,123ABC,XXX1674,22986
6/27/2022,123ABC,XXX1675,22987
6/28/2022,123ABC,XXX1676,22988
6/29/2022,123ABC,XXX1677,22989
6/30/2022,123ABC,XXX1678,22990
7/1/2022,123ABC,XXX1679,22991
7/2/2022,123ABC,XXX1680,22992
7/3/2022,123ABC,XXX1681,22993
7/4/2022,123ABC,XXX1682,22994
7/5/2022,123ABC,XXX1683,22995
7/6/2022,123ABC,XXX1684,22996
7/7/2022,123ABC,XXX1685,22997
7/8/2022,123ABC,XXX1686,22998
7/9/2022,123ABC,XXX1687,22999
7/10/2022,123ABC,XXX1688,23000
7/11/2022,123ABC,XXX1689,23001
7/12/2022,123ABC,XXX1690,23002
7/13/2022,123ABC,XXX1691,23003
7/14/2022,123ABC,XXX1692,23004
7/15/2022,123ABC,XXX1693,23005
7/16/2022,123ABC,XXX1694,23006
7/17/2022,123ABC,XXX1695,23007
7/18/2022,123ABC,XXX1696,23008
7/19/2022,123ABC,XXX1697,23009
7/20/2022,123ABC,XXX1698,23010
7/21/2022,123ABC,XXX1699,23011
7/22/2022,123ABC,XXX1700,23012
7/23/2022,123ABC,XXX1701,23013
7/24/2022,123ABC,XXX1702,23014
7/25/2022,123ABC,XXX1703,23015
7/26/2022,123ABC,XXX1704,23016
7/27/2022,123ABC,XXX1705,23017
7/28/2022,123ABC,XXX1706,23018
7/29/2022,123ABC,XXX1707,23019
7/30/2022,123ABC,XXX1708,23020
7/31/2022,123ABC,XXX1709,23021
8/1/2022,123ABC,XXX1710,23022
8/2/2022,123ABC,XXX1711,23023
8/3/2022,123ABC,XXX1712,23024
8/4/2022,123ABC,XXX1713,23025
8/5/2022,123ABC,XXX1714,23026
8/6/2022,123ABC,XXX1715,23027
8/7/2022,123ABC,XXX1716,23028
8/8/2022,123ABC,XXX1717,23029
8/9/2022,123ABC,XXX1718,23030
8/10/2022,123ABC,XXX1719,23031
8/11/2022,123ABC,XXX1720,23032
8/12/2022,123ABC,XXX1721,23033
8/13/2022,123ABC,XXX1722,23034
8/14/2022,123ABC,XXX1723,23035
8/15/2022,123ABC,XXX1724,23036
8/16/2022,123ABC,XXX1725,23037
8/17/2022,123ABC,XXX1726,23038
8/18/2022,123ABC,XXX1727,23039
8/19/2022,123ABC,XXX1728,23040
8/20/2022,123ABC,XXX1729,23041
8/21/2022,123ABC,XXX1730,23042
8/22/2022,123ABC,XXX1731,23043
8/23/2022,123ABC,XXX1732,23044
8/24/2022,123ABC,XXX1733,23045
8/25/2022,123ABC,XXX1734,23046
8/26/2022,123ABC,XXX1735,23047
8/27/2022,123ABC,XXX1736,23048
8/28/2022,123ABC,XXX1737,23049
8/29/2022,123ABC,XXX1738,23050
8/30/2022,123ABC,XXX1739,23051
8/31/2022,123ABC,XXX1740,23052
9/1/2022,123ABC,XXX1741,23053
9/2/2022,123ABC,XXX1742,23054
9/3/2022,123ABC,XXX1743,23055
9/4/2022,123ABC,XXX1744,23056
9/5/2022,123ABC,XXX1745,23057
9/6/2022,123ABC,XXX1746,23058
9/7/2022,123ABC,XXX1747,23059
9/8/2022,123ABC,XXX1748,23060
9/9/2022,123ABC,XXX1749,23061
9/10/2022,123ABC,XXX1750,23062
9/11/2022,123ABC,XXX1751,23063
9/12/2022,123ABC,XXX1752,23064
9/13/2022,123ABC,XXX1753,23065
9/14/2022,123ABC,XXX1754,23066
9/15/2022,123ABC,XXX1755,23067
9/16/2022,123ABC,XXX1756,23068
9/17/2022,123ABC,XXX1757,23069
9/18/2022,123ABC,XXX1758,23070
11/30/2021,123ABC,XXX1759,23071
12/1/2021,123ABC,XXX1760,23072
12/2/2021,123ABC,XXX1761,23073
12/3/2021,123ABC,XXX1762,23074
12/4/2021,123ABC,XXX1763,23075
12/5/2021,123ABC,XXX1764,23076
12/6/2021,123ABC,XXX1765,23077
12/7/2021,123ABC,XXX1766,23078
12/8/2021,123ABC,XXX1767,23079
12/9/2021,123ABC,XXX1768,23080
12/10/2021,123ABC,XXX1769,23081
12/11/2021,123ABC,XXX1770,23082
12/12/2021,123ABC,XXX1771,23083
12/13/2021,123ABC,XXX1772,23084
12/14/2021,123ABC,XXX1773,23085
12/15/2021,123ABC,XXX1774,23086
12/16/2021,123ABC,XXX1775,23087
12/17/2021,123ABC,XXX1776,23088
12/18/2021,123ABC,XXX1777,23089
12/19/2021,123ABC,XXX1778,23090
12/20/2021,123ABC,XXX1779,23091
12/21/2021,123ABC,XXX1780,23092
12/22/2021,123ABC,XXX1781,23093
12/23/2021,123ABC,XXX1782,23094
12/24/2021,123ABC,XXX1783,23095
12/25/2021,123ABC,XXX1784,23096
12/26/2021,123ABC,XXX1785,23097
12/27/2021,123ABC,XXX1786,23098
12/28/2021,123ABC,XXX1787,23099
12/29/2021,123ABC,XXX1788,23100
12/30/2021,123ABC,XXX1789,23101
12/31/2021,123ABC,XXX1790,23102
1/1/2022,123ABC,XXX1791,23103
1/2/2022,123ABC,XXX1792,23104
1/3/2022,123ABC,XXX1793,23105
1/4/2022,123ABC,XXX1794,23106
1/5/2022,123ABC,XXX1795,23107
1/6/2022,123ABC,XXX1796,23108
1/7/2022,123ABC,XXX1797,23109
1/8/2022,123ABC,XXX1798,23110
1/9/2022,123ABC,XXX1799,23111
1/10/2022,123ABC,XXX1800,23112
1/11/2022,123ABC,XXX1801,23113
1/12/2022,123ABC,XXX1802,23114
1/13/2022,123ABC,XXX1803,23115
1/14/2022,123ABC,XXX1804,23116
1/15/2022,123ABC,XXX1805,23117
1/16/2022,123ABC,XXX1806,23118
1/17/2022,123ABC,XXX1807,23119
1/18/2022,123ABC,XXX1808,23120
1/19/2022,123ABC,XXX1809,23121
1/20/2022,123ABC,XXX1810,23122
1/21/2022,123ABC,XXX1811,23123
1/22/2022,123ABC,XXX1812,23124
1/23/2022,123ABC,XXX1813,23125
1/24/2022,123ABC,XXX1814,23126
1/25/2022,123ABC,XXX1815,23127
1/26/2022,123ABC,XXX1816,23128
1/27/2022,123ABC,XXX1817,23129
1/28/2022,123ABC,XXX1818,23130
1/29/2022,123ABC,XXX1819,23131
1/30/2022,123ABC,XXX1820,23132
1/31/2022,123ABC,XXX1821,23133
2/1/2022,123ABC,XXX1822,23134
2/2/2022,123ABC,XXX1823,23135
2/3/2022,123ABC,XXX1824,23136
2/4/2022,123ABC,XXX1825,23137
2/5/2022,123ABC,XXX1826,23138
2/6/2022,123ABC,XXX1827,23139
2/7/2022,123ABC,XXX1828,23140
2/8/2022,123ABC,XXX1829,23141
2/9/2022,123ABC,XXX1830,23142
2/10/2022,123ABC,XXX1831,23143
2/11/2022,123ABC,XXX1832,23144
2/12/2022,123ABC,XXX1833,23145
2/13/2022,123ABC,XXX1834,23146
2/14/2022,123ABC,XXX1835,23147
2/15/2022,123ABC,XXX1836,23148
2/16/2022,123ABC,XXX1837,23149
2/17/2022,123ABC,XXX1838,23150
2/18/2022,123ABC,XXX1839,23151
2/19/2022,123ABC,XXX1840,23152
2/20/2022,123ABC,XXX1841,23153
2/21/2022,123ABC,XXX1842,23154
2/22/2022,123ABC,XXX1843,23155
2/23/2022,123ABC,XXX1844,23156
2/24/2022,123ABC,XXX1845,23157
2/25/2022,123ABC,XXX1846,23158
2/26/2022,123ABC,XXX1847,23159
2/27/2022,123ABC,XXX1848,23160
2/28/2022,123ABC,XXX1849,23161
3/1/2022,123ABC,XXX1850,23162
3/2/2022,123ABC,XXX1851,23163
3/3/2022,123ABC,XXX1852,23164
3/4/2022,123ABC,XXX1853,23165
3/5/2022,123ABC,XXX1854,23166
3/6/2022,123ABC,XXX1855,23167
3/7/2022,123ABC,XXX1856,23168
3/8/2022,123ABC,XXX1857,23169
3/9/2022,123ABC,XXX1858,23170
3/10/2022,123ABC,XXX1859,23171
3/11/2022,123ABC,XXX1860,23172
3/12/2022,123ABC,XXX1861,23173
3/13/2022,123ABC,XXX1862,23174
3/14/2022,123ABC,XXX1863,23175
3/15/2022,123ABC,XXX1864,23176
3/16/2022,123ABC,XXX1865,23177
3/17/2022,123ABC,XXX1866,23178
3/18/2022,123ABC,XXX1867,23179
3/19/2022,123ABC,XXX1868,23180
3/20/2022,123ABC,XXX1869,23181
3/21/2022,123ABC,XXX1870,23182
3/22/2022,123ABC,XXX1871,23183
3/23/2022,123ABC,XXX1872,23184
3/24/2022,123ABC,XXX1873,23185
3/25/2022,123ABC,XXX1874,23186
3/26/2022,123ABC,XXX1875,23187
3/27/2022,123ABC,XXX1876,23188
3/28/2022,123ABC,XXX1877,23189
3/29/2022,123ABC,XXX1878,23190
3/30/2022,123ABC,XXX1879,23191
3/31/2022,123ABC,XXX1880,23192
4/1/2022,123ABC,XXX1881,23193
4/2/2022,123ABC,XXX1882,23194
4/3/2022,123ABC,XXX1883,23195
4/4/2022,123ABC,XXX1884,23196
4/5/2022,123ABC,XXX1885,23197
4/6/2022,123ABC,XXX1886,23198
4/7/2022,123ABC,XXX1887,23199
4/8/2022,123ABC,XXX1888,23200
4/9/2022,123ABC,XXX1889,23201
4/10/2022,123ABC,XXX1890,23202
4/11/2022,123ABC,XXX1891,23203
4/12/2022,123ABC,XXX1892,23204
4/13/2022,123ABC,XXX1893,23205
4/14/2022,123ABC,XXX1894,23206
4/15/2022,123ABC,XXX1895,23207
4/16/2022,123ABC,XXX1896,23208
4/17/2022,123ABC,XXX1897,23209
4/18/2022,123ABC,XXX1898,23210
4/19/2022,123ABC,XXX1899,23211
4/20/2022,123ABC,XXX1900,23212
4/21/2022,123ABC,XXX1901,23213
4/22/2022,123ABC,XXX1902,23214
4/23/2022,123ABC,XXX1903,23215
4/24/2022,123ABC,XXX1904,23216
4/25/2022,123ABC,XXX1905,23217
4/26/2022,123ABC,XXX1906,23218
4/27/2022,123ABC,XXX1907,23219
4/28/2022,123ABC,XXX1908,23220
4/29/2022,123ABC,XXX1909,23221
4/30/2022,123ABC,XXX1910,23222
5/1/2022,123ABC,XXX1911,23223
5/2/2022,123ABC,XXX1912,23224
5/3/2022,123ABC,XXX1913,23225
5/4/2022,123ABC,XXX1914,23226
5/5/2022,123ABC,XXX1915,23227
5/6/2022,123ABC,XXX1916,23228
5/7/2022,123ABC,XXX1917,23229
5/8/2022,123ABC,XXX1918,23230
5/9/2022,123ABC,XXX1919,23231
5/10/2022,123ABC,XXX1920,23232
5/11/2022,123ABC,XXX1921,23233
5/12/2022,123ABC,XXX1922,23234
5/13/2022,123ABC,XXX1923,23235
5/14/2022,123ABC,XXX1924,23236
5/15/2022,123ABC,XXX1925,23237
5/16/2022,123ABC,XXX1926,23238
5/17/2022,123ABC,XXX1927,23239
5/18/2022,123ABC,XXX1928,23240
5/19/2022,123ABC,XXX1929,23241
5/20/2022,123ABC,XXX1930,23242
5/21/2022,123ABC,XXX1931,23243
5/22/2022,123ABC,XXX1932,23244
5/23/2022,123ABC,XXX1933,23245
5/24/2022,123ABC,XXX1934,23246
5/25/2022,123ABC,XXX1935,23247
5/26/2022,123ABC,XXX1936,23248
5/27/2022,123ABC,XXX1937,23249
5/28/2022,123ABC,XXX1938,23250
5/29/2022,123ABC,XXX1939,23251
5/30/2022,123ABC,XXX1940,23252
5/31/2022,123ABC,XXX1941,23253
6/1/2022,123ABC,XXX1942,23254
6/2/2022,123ABC,XXX1943,23255
6/3/2022,123ABC,XXX1944,23256
6/4/2022,123ABC,XXX1945,23257
6/5/2022,123ABC,XXX1946,23258
6/6/2022,123ABC,XXX1947,23259
6/7/2022,123ABC,XXX1948,23260
6/8/2022,123ABC,XXX1949,23261
6/9/2022,123ABC,XXX1950,23262
6/10/2022,123ABC,XXX1951,23263
6/11/2022,123ABC,XXX1952,23264
6/12/2022,123ABC,XXX1953,23265
6/13/2022,123ABC,XXX1954,23266
6/14/2022,123ABC,XXX1955,23267
6/15/2022,122ABC,XXX1956,23268
